Create database test;
use test;

create table class(
id int primary key auto_increment,
name varchar(20)
);
create table room(
id int primary key auto_increment,
name varchar(20),
class_id int,
foreign key(class_id) references class(id)
);
create table jame(
`account` varchar(50) primary key,
`password` varchar(50)
);
create table student(
id int primary key auto_increment,
name varchar(50),
birthday date,
gender boolean,
email varchar(50),
`point` float,
class_id int,
`account` varchar(50) unique,
foreign key (class_id) references class(id),
foreign key (`account`) references jame(`account`)
);

create table instructor(
id int primary key auto_increment,
name varchar(50),
birthday date,
salary double
);

create table instructor_class(
 class_id int,
 instructor_id int,
 start_time date,
 end_time date,
 primary key (class_id, instructor_id),
 foreign key(class_id) references class(id),
 foreign key(instructor_id) references instructor(id)
);

insert into class (name) values ('c1121g1'), ('c1221g1'),('a0821i1'),('a0921i1');
insert into room(name,class_id) values ('Ken',1), ('Jame',1),('Ada',2),('Andy',2);

insert into jame(`account`,`password`)
 values('cunn','12345'),('chunglh','12345'),('hoanhh','12345'),('dungd','12345'),('huynhtd','12345'),
 ('hainm','12345'),('namtv','12345'),('hieuvm','12345'),('kynx','12345'),('vulm','12345');

insert into jame(`account`,`password`)
 values('anv','12345'),('bnv','12345');

 
insert into instructor(`name`,birthday, salary)
 values('tran van chanh','1985-02-03',100),('tran minh chien','1985-02-03',200),('vu thanh tien','1985-02-03',300);
insert into instructor(`name`,birthday, salary)
 values('tran van nam','1989-12-12',100);

 
 insert into student(`name`,birthday, gender,`point`, class_id,`account`) 
 values ('nguyen ngoc cu','1981-12-12',1,8,1,'cunn'),('le hai chung','1981-12-12',1,5,1,'chunglh'),
 ('hoang huu hoan','1990-12-12',1,6,2,'hoanhh'),('dau dung','1987-12-12',1,8,1,'dungd'),
 ('ta dinh huynh','1981-12-12',1,7,2,'huynhtd'),('nguyen minh hai','1987-12-12',1,9,1,'hainm'),
 ('tran van nam','1989-12-12',1,4,4,'namtv'),('vo minh hieu','1981-12-12',1,3,1,'hieuvm'),
 ('le xuan ky','1981-12-12',1,7,3,'kynx'),('le minh vu','1981-12-12',1,7,1,'vulm');

 insert into student(`name`,birthday, gender,`point`, class_id,`account`) 
 values ('nguyen van a','1981-12-12',1,8,null,'anv'),('tran van b','1981-12-12',1,5,null,'bnv');

 insert into instructor_class(class_id,instructor_id) values (1,1),(1,2),(2,1),(2,2),(3,1),(3,2);


select * from student,class where student.class_id = class.id; 
select  student.`name` , class.`name` from student,class where student.class_id = class.id or student.class_id = null; 

select * from student  where student.`name` like '%hai' or student.`name` like '%huynh';

select * from student where student.`point` > 5;

select * from student where student.`name` like 'nguyen%';
select `point`, count(`point`) from student group by `point`;

select `point`, count(`point`) from student where `point` >5  group by `point` having count(`point`) >= 2;

select * from student where class_id = (select id from class where `name` = 'c1121g1') order by `name` asc;

select student.`name` , class.`name` from class  right join student on class.id = student.class_id;

